Name, Price , Shipping
New ListingXBOX ONE HALO EDITION CONSOLE 1TB,25.75,111.38 
MICROSOFT XBOX 360 250 GB SLIM BLACK CONSOLE SYSTEM - ALL CORDS + 8 GAMES,56.76,195.77 
New ListingOriginal Microsoft Xbox Crystal Console Only - Limited Edition Tested ,51.49,104.14 
MICROSOFT XBOX 360 250 GB SLIM BLACK CONSOLE SYSTEM - ALL CORDS + 4 GAMES + MIC,53.42,195.77 
New ListingXBOX 360 SLIM 250GB BUNDLE CONSOLE 2 CONTROLLERS AND 20 GAMES,1.27,111.63 
Original Microsoft Xbox Translucent Crystal Clear Console 1 Controller| Games,54.07,109.23 
Microsoft Xbox One 500 GB Console - Black,74.00,96.72 
xbox one console games bundle,46.35,112.06 
New ListingXbox One X 1TB Console – Gears 5 Bundle,479.00,62.65 
New ListingMicrosoft Xbox One 500 GB Console - Black with 3 games,125.00,68.34 
XBOX Original ide to sata Complete Upgrade Kit Hard Drive HDD ,12.86,77.09 
New ListingMicrosoft| Xbox One S| 500GB| White Console - FAST FREE SHIPPING!,169.99,54.53 
Microsoft Xbox 360 S Slim Matte Black 250GB Console with Games Boxed,45.06,110.32 
Original Microsoft Xbox Console + Games Bundle with Controllers Leads and Box,193.10,25.74 
MICROSOFT XBOX 360 250 GB SLIM BLACK CONSOLE SYSTEM - ALL CORDS + 8 GAMES,56.76,195.77 
Xbox One 1540 Console Bundle Console + 2x Wireless Controllers + HDMI,154.44,57.51 
xbox one s 1tb console & Controller,170.00,15.00 
Xbox Classic HDMI Console ☆ Crystal Limited Edition ☆ XCHANGER 2.5 ☆ XBMC ☆,199.33,33.21 
Original XBOX modded Emulators Plus Xbox Games,57.94,102.87 
Microsoft Xbox Halo Special Edition Green Bundle New in Box,649.95,87.08 
Xbox One S 1TB All-Digital Edition Gaming Console,,61.24 
Microsoft Xbox 360 E 4GB Black Console,43.00,96.58 
MICROSOFT XBOX 360 250 GB SLIM BLACK CONSOLE SYSTEM - ALL CORDS + 4 GAMES + MIC,53.42,195.77 
New ListingXBOX 360 4GB GO SLIM BUNDLE CONSOLE 2 CONTROLLERS KINECT BAR AND 20 GAMES ,1.27,112.28 
Xbox One X 1TB Gears 5 Limited Edition Bundle - Xbox One X Console And Controlle,,66.48 
Original Microsoft Xbox Old School Bundle 2 controllers 5 games new cables,99.97,63.63 
New ListingXbox one s 1tb bundle,108.15,122.64 
Xbox One S 1TB Fortnite Battle Royale Bundle + Call of Duty: Modern Warfare,,65.56 
Original Crystal Xbox - 500GB Hard Drive| Soft Modded Console Only,83.68,116.81 
Original Xbox - Black - 500GB Hard Drive| Soft Modded (Console Only),61.15,116.45 
Microsoft Xbox 360 Slim - 250Gb Console (PAL) + Kinect camera + 2x controllers ,23.17,111.70 
New ListingXbox One X 1TB (Pre owned) with RDR2 & GOW4 and Three Controllers,650.00,79.07 
XBox Classic with 28 games and one controller,92.70,12.87 
Microsoft Halo translucent green Xbox system modded with Unleash X,169.89,57.46 
Microsoft Xbox One 1 TB  Limited Edition Console Only,55.36,114.40 
CLEAN Original Xbox Black Console System + Two Controllers + 4 Games + Cables,59.99,77.81 
TESTED Original Xbox Console Lot Box Games 4 Controllers Cords 6 Games,149.99,56.94 
Original Xbox with Games| Controller| and Hookups - ALL WORKING!,119.95,84.74 
Microsoft Xbox One S 500gb  Console Bundle,200.00,73.17 
New ListingOriginal Black Xbox console 500gb Hard mod TSOP Flashed with unleash X + Coinops,96.55,103.47 
Xbox One X White Special Edition Console System 1TB 4K FMP-00063,697.27,33.00 
New ListingMicrosoft Xbox One X Project Scorpio Edition 1TB Black Console,318.64,116.33 
Xbox limited edition skeleton complete japan,553.70,49.83 
New ListingMicrosoft Xbox One 1540 500GB Black Console With Controller,107.95,58.82 
XBOX 360 500GB SLIM E BUNDLE CONSOLE CONTROLLER AND 9 GAMES ,66.95,113.30 
Genuine X3ce Xecuter 3 chip / Original Xbox NEW IN BOX / VERY RARE / X3 ,400.00,39.26 
Xbox 360 250 GB RGH 2,205.00,55.45 
Xbox Mod Xecuter X3 Pro Switch Transparent Army Green Color,135.00,38.41 
New ListingMicrosoft 1540 Xbox One 500 GB Game Console Black Matte Controller cod  ,28.00,95.51 
Xbox One 500GB Black Console with Controller,95.95,91.51 
Xbox xecuter Mod lcd xlcd,82.00,37.01 
New ListingOriginal Microsoft Xbox Game Console + Controller Games Bundle Black,38.62,85.86 
Microsoft Xbox 360 Slim - 60Gb Console (PAL) + 2x controllers ,1.27,111.35 
MICROSOFT XBOX 360 250 GB SLIM BLACK CONSOLE SYSTEM - ALL CORDS + 8 GAMES,56.76,195.77 
Microsoft Xbox 360  Console with Kinect| 3 remotes(2 Wireless)32 Games ,185.00,200.40 
